{
    "noindex": true,
    "title": "Displaying Progress Spinner",
    "description": "Display a friendly spinner while long running jobs are completed",
    "details": {
        "intro": {
            "courseData": "background.sh",
            "code": "foreground.sh",
            "text": "intro.md"
        },
        "steps": [
            {
                "title": "Step 1",
                "text": "step1.md"
            }
        ],
        "assets": {
            "host01": [
                {"file": "wait.sh", "target": "/usr/local/bin/", "chmod": "+x"}
            ]
        }
    },
    "files": [],
    "environment": {
        "uilayout": "terminal"
    },
    "backend": {
        "imageid": "ubuntu"
    }
}
