{
    "title": "Katacoda UI Layouts Example",
    "description": "Example of different Katacoda UI Layouts. Also, an example of creating a Katacoda Course!",
    "icon": "fa-katacoda",
    "courses": [
      {
        "course_id": "uilayout-terminal",
        "title": "Scenario with Terminal UI",
        "description": "Katacoda Scenario Example"
      },
      {
        "title": "Scenario with Terminal and VS Code UI as Tab",
        "description": "",
        "pathway_id": "scenario-examples",
        "course_id": "uilayout-terminal-with-vscode"
      },
      {
        "course_id": "uilayout-vscode-terminal",
        "title": "Scenario with VS Code / Terminal UI Split Screen",
        "description": "Katacoda Scenario Example"
      },
      {
        "course_id": "uilayout-editor-terminal",
        "title": "Scenario with Editor Terminal UI",
        "description": "Katacoda Scenario Example"
      },
      {
        "course_id": "uilayout-terminal-iframe",
        "title": "Scenario with Terminal iFrame UI",
        "description": "Katacoda Scenario Example"
      },
      {
        "course_id": "uilayout-terminal-iframe-split",
        "title": "Scenario with Terminal iFrame Split UI",
        "description": "Katacoda Scenario Example"
      },
      {
        "course_id": "uilayout-iframe",
        "title": "Scenario with iFrame only UI",
        "description": ""
      },
      {
        "course_id": "uilayout-terminal-terminal",
        "title": "Scenario with Terminal Terminal UI",
        "description": "Katacoda Scenario Example"
      },
      {
        "title": "Visualise Environment Tab",
        "description": "Learn how to add the Visualise Tab",
        "pathway_id": "scenario-examples",
        "course_id": "visualise-docker"
      }
    ]
  }
  
