{
    "noindex": true,
    "title": "Dashboard and Terminal Tabs",
    "description": "Add Additional Tabs to the UI",
    "details": {
        "steps": [
            {
                "title": "Dashboard Tabs",
                "text": "step1.md"
            },
            {
                "title": "Terminal Tabs",
                "text": "step2.md"
            }
        ]
    },
    "environment": {
        "hideintro": true,
        "showdashboard": true,
        "dashboards": [{"name": "Port 80", "port": 80},
            {"name": "URL", "href": "https://www.google.co.uk"},
            {"name": "Placeholder", "href": "https://[[HOST_SUBDOMAIN]]-80-[[KATACODA_HOST]].environments.katacoda.com"}],
        "terminals": [
            {"name": "Terminal 2", "target": "host01"},
            {"name": "Docker Stats", "command": "docker stats", "target": "host01"}
        ],
        "uilayout": "terminal"
    },
    "backend": {
      "imageid": "ubuntu",
      "port": 80
    }
}
