{
    "noindex": true,
    "title": "Upload File Assets",
    "description": "Automatically upload file assets to the environment",
    "details": {
        "steps": [
            {
                "title": "Step 1",
                "text": "step1.md",
                "courseData": "background.sh",
                "code": "foreground.sh"
            }
        ],
        "assets": {
            "host01": [
                {"file": "wait.sh", "target": "/usr/local/bin/", "chmod": "+x"},
                {"file": "deploy.sh", "target": "/usr/local/bin/", "chmod": "+x"}
            ]
        }
    },
    "environment": {
        "hideintro": true, "hidefinish": true,
        "uilayout": "terminal"
    },
    "backend": {
        "imageid": "ubuntu"
    }
}
