{
    "noindex": true,
    "title": "Dashboard and Terminal Tabs (iframe)",
    "description": "Add Additional Tabs to the UI with iframe integration",
    "details": {
        "steps": [
            {
                "title": "Step 1",
                "text": "step1.md"
            }
        ]
    },
    "environment": {
        "hideintro": true,
        "showdashboard": true,
        "dashboards": [
            {"name": "URL", "href": "https://www.katacoda.com"},
            {"name": "Port 80", "port": 80},
            {"name": "Placeholder", "href": "https://[[HOST_SUBDOMAIN]]-8080-[[KATACODA_HOST]].environments.katacoda.com/somepage", "port": 8080}],
        "uilayout": "terminal-iframe"
    },
    "backend": {
      "imageid": "ubuntu",
      "port": 80
    }
}
