{
  "title": "Training Pathway Example",
  "description": "When using Katacoda for Trainers, the pathway defines the course for attendees",
  "courses": [
    {
      "pathway_id": "istio",
      "id": "workshop/deploying-istio",
      "course_id": "deploying-istio",
      "title": "Deploying Istio to Kubernetes",
      "description": "Learn how to deploy Istio to a Kubernetes cluster"
    },
    {
      "pathway_id": "istio",
      "id": "connecting-controlling-microservices/traffic-shaping",
      "course_id": "traffic-shaping",
      "title": "Connecting & Controlling: Traffic Shaping Microservices Connections",
      "description": "Learn Load Balancing, Routes, Rules with Istio"
    }
  ]
}
